comment_id,text,hate_speech_score,CGCoT_Breakdown,Bradley_Terry_Score_full,Bradley_Terry_Score_split
11870,Got it. Thanks for the clarifying and congrats for you on being open and proud about your sexuality. It's a hard journey for many to accept and is a beautiful thing when people can be open and confident about who they truly are!,-5.65,"Original Text: Got it. Thanks for the clarifying and congrats for you on being open and proud about your sexuality. It's a hard journey for many to accept and is a beautiful thing when people can be open and confident about who they truly are!
Prompt 1 response: The sender expresses gratitude for clarification, congratulates the recipient on openly embracing and being proud of their sexuality, acknowledging the difficulty many face in self-acceptance, and highlights the beauty of confidence in one’s true identity.
Prompt 2 response: **Target:** **LGBTQ+ individuals** (explicitly sexual orientation).
Prompt 3 response: No.
Prompt 4 response: No. The text **does not** compare the target to non-human entities or imply biological/moral inferiority. It emphasizes **acceptance, pride, and authenticity** in sexuality.
Prompt 5 response: No. The text expresses **support, encouragement, and celebration** of openness and pride in sexuality, without any implication of violence, discrimination, exclusion, or harm.",0.0,0.0
22840,URL helping the rohingya refugees is also another cause that you could also spend your time on ❤️ be kind,-5.6,"Original Text: URL helping the rohingya refugees is also another cause that you could also spend your time on ❤️ be kind
Prompt 1 response: The text suggests that supporting the Rohingya refugees is another meaningful cause worth dedicating time and effort to, alongside the implied encouragement to **""be kind.""**
Prompt 2 response: **Target:** **Muslims (implied by ""Rohingya,"" an ethnic Muslim minority)**.
Prompt 3 response: No.
Prompt 4 response: The text **does not** explicitly compare the Rohingya refugees to non-human entities or imply biological/moral inferiority. However, it **implies** a **moral hierarchy** by framing aid as a **""cause""** (suggesting lesser urgency) and using **""be kind""**—a passive, vague directive that could subtly downplay the severity of their plight compared to other potential actions. The phrasing lacks direct dehumanization but carries an **indirect, condescending undertone**.
Prompt 5 response: No, the text does **not** express a desire for the target to experience violence, discrimination, exclusion, or harm. It encourages support for the Rohingya refugees and promotes kindness.",0.325033975362814,0.3250339753628139
10695,"That's why that one came here, went through the difficult process of getting a green card, waited for citizenship, got citizenship, became a part of her community, won election to the a Minnesota House, and won election to the US House. Sounds pretty much like she must love this country.",-5.79,"Original Text: That's why that one came here, went through the difficult process of getting a green card, waited for citizenship, got citizenship, became a part of her community, won election to the a Minnesota House, and won election to the US House. Sounds pretty much like she must love this country.
Prompt 1 response: The individual described underwent a lengthy legal process—obtaining a green card, achieving citizenship, integrating into her community, and actively participating in local and national politics by winning elections to the Minnesota House and the U.S. House. This trajectory suggests a deep commitment to and investment in the country.
Prompt 2 response: **Target:** **Immigrants (specifically, naturalized citizens)**—implied through emphasis on immigration status, citizenship process, and political achievement. **Subtle gendered framing** (""*that one*"") may also target **women in politics**.
Prompt 3 response: No.
Prompt 4 response: No. The text **does not** compare the target to non-human entities or imply biological/moral inferiority. It frames their achievements (legal residency, citizenship, political office) as **positive, voluntary, and earned**—emphasizing **love for the country** through **active participation and success**.
Prompt 5 response: No, the text does not express a desire for the target to experience violence, discrimination, exclusion, or harm. It instead highlights achievements and contributions as evidence of positive engagement with the country.",0.2198495155554222,0.21984951555542182
32523,"New Issue from the @GaDjournal on Humanitarian Action and Crisis Response, looking at cutting-edge insights on innovative humanitarian programming aiming to advance women's rights and gender equality URL URL",-6.21,"Original Text: New Issue from the @GaDjournal on Humanitarian Action and Crisis Response, looking at cutting-edge insights on innovative humanitarian programming aiming to advance women's rights and gender equality URL URL
Prompt 1 response: **Summary:**

The *@GaDjournal* has released a new issue focused on **""Humanitarian Action and Crisis Response""**, emphasizing **cutting-edge insights** into **innovative humanitarian programming** designed to **advance women’s rights and gender equality**. The publication likely explores emerging strategies, best practices, and evidence-based approaches to integrate gender-responsive interventions in crisis contexts, including conflict zones, disasters, and protracted emergencies. Key themes may include:

- **Gender-inclusive programming** (e.g., protection, livelihoods, leadership).
- **Contextualized solutions** addressing barriers women face in humanitarian settings.
- **Partnerships, technology, and policy shifts** to sustain progress.
- **Lessons from field-based case studies** and emerging research.

The issue aims to bridge gaps between theory and practice, offering actionable recommendations for practitioners, policymakers, and donors.
Prompt 2 response: **Target:** Women (and implicitly gender-diverse individuals) in humanitarian contexts.
Prompt 3 response: No explicit slurs, profanity, or profoundly insulting language directed at any target.
Prompt 4 response: No explicit comparison to non-human entities or biological/moral inferiority is present. The text focuses on **innovative humanitarian programming** and **gender equality**, avoiding dehumanizing or degrading language.
Prompt 5 response: No. The text promotes **humanitarian action** and **gender equality**, focusing on **innovative programming** to advance women's rights. There is no indication of violence, discrimination, exclusion, or harm.",0.14564045131647438,0.14564045131647402
5360,Fellow trans girl here! Love and support confirmed!,-8.34,"Original Text: Fellow trans girl here! Love and support confirmed!
Prompt 1 response: **Summary:**
The text is a brief, affirming message from a transgender girl to another, expressing love, support, and solidarity. It conveys unconditional acceptance and encouragement.
Prompt 2 response: **Target:** Transgender girls (specifically, likely cisgender women or allies identifying as such).
Prompt 3 response: No.
Prompt 4 response: No. The text expresses solidarity and affirmation without dehumanizing or implying inferiority.
Prompt 5 response: No. The text expresses solidarity, support, and love.",0.14077748044967175,0.1407774804496718
20877,Wait— Dudes are clowning this kid and calling him gay for wearing pink? Ya really not comfortable with your own sexuality and it shows. I think this fit is dumb cute. URL,-6.9,"Original Text: Wait— Dudes are clowning this kid and calling him gay for wearing pink? Ya really not comfortable with your own sexuality and it shows. I think this fit is dumb cute. URL
Prompt 1 response: **Summary:**
The text criticizes others for mocking a person for wearing pink, accusing them of being insecure about their own sexuality. The speaker finds the outfit ""dumb cute"" and dismisses the criticism as immature.
Prompt 2 response: **Target:** **Young, heterosexual, cisgender males (likely teens/young adults)**—implied via:
- **""Dudes""** (informal, gendered language)
- **""Ya really not comfortable with your own sexuality""** (assumes heterosexuality as default)
- **""Calling him gay""** (homophobic slur framing, targeting straight men’s perceived insecurity).
Prompt 3 response: No explicit slurs, profanity, or profoundly insulting language directed at the target. However, the phrase **""Ya really not comfortable with your own sexuality""** could be interpreted as a **homophobic implication** (implying insecurity about being gay) rather than a direct attack. The word **""dumb""** is mild but could be seen as dismissive.
Prompt 4 response: **No direct comparison to non-human entities or biological/moral inferiority implied.**

- **Indirect critique**: The text mocks *others'* discomfort with sexuality (""not comfortable with your own sexuality""), framing their behavior as immature (""clowning"") rather than dehumanizing.
- **Subjective judgment**: ""Dumb cute"" is aesthetic, not biological/moral. No animal/pest/disease metaphors or inherent inferiority claims.
Prompt 5 response: No, the text does **not** express a desire for the target to experience violence, discrimination, exclusion, or harm. Instead, it critiques the actions of the individuals mocking the child and expresses empathy for the child while mocking the bullies' insecurities. The tone is protective and supportive toward the child.",0.24104148928114766,0.24104148928114796
7153,"Such an amazing culture and religion, they're so emotional but benevolent! ♥ South America has a large following of Yoruba religions (Umbanda and Candomblé) and the celebrations are incredible.",-5.7,"Original Text: Such an amazing culture and religion, they're so emotional but benevolent! ♥ South America has a large following of Yoruba religions (Umbanda and Candomblé) and the celebrations are incredible.
Prompt 1 response: The text highlights the vibrant and emotionally rich cultural and religious practices in South America, particularly emphasizing the widespread influence of **Yoruba-derived traditions** such as **Umbanda** and **Candomblé**. These faiths are noted for their **deep emotional expression** and **benevolent nature**, with celebrations described as **incredible**.
Prompt 2 response: **Target:** **Indigenous Afro-Brazilian and Afro-Latin American communities** (specifically adherents of **Yoruba-derived religions like Umbanda and Candomblé**), **via implicit cultural/religious stereotyping** (romanticized ""emotional benevolence"" as a generalized trait). **No explicit demographic exclusion**, but **assumes shared identity** through religion.
Prompt 3 response: No.
Prompt 4 response: No direct comparison to non-human entities or biological/moral inferiority is present. The text praises the culture and religion as emotionally rich and benevolent, using **affective language (""amazing,"" ""incredible,"" ""♥"")** but avoids dehumanizing or hierarchical framing.
Prompt 5 response: No. The text expresses admiration and appreciation for the culture, religion, and celebrations associated with Yoruba traditions in South America, without any indication of violence, discrimination, exclusion, or harm.",0.49420263891785016,0.4942026389178497
14407,"As a Pale white Algerian, I frequently play on the American server for Overwatch, and almost everyone assumes I am Black, and are surprised or don't believe me when i say I am actually white with dark blond hair and dark green eyes!  There is great diversity in Africa, people by know should know.",-5.8,"Original Text: As a Pale white Algerian, I frequently play on the American server for Overwatch, and almost everyone assumes I am Black, and are surprised or don't believe me when i say I am actually white with dark blond hair and dark green eyes!  There is great diversity in Africa, people by know should know.
Prompt 1 response: The speaker, a pale-skinned Algerian with dark blond hair and dark green eyes, often plays *Overwatch* on the American server and is frequently mistaken for Black due to racial assumptions. They highlight the diversity within Africa, noting that people often overlook this fact.
Prompt 2 response: **Target:** **White individuals with light skin, dark hair, and dark eyes** (implied as a demographic with perceived racial ambiguity).
Prompt 3 response: No. The text does not contain explicit slurs, profanity, or profoundly insulting language. It includes a self-deprecating or ironic phrasing (""Pale white Algerian"") but does not target the individual with direct insults or harmful language.
Prompt 4 response: No direct comparison to non-human entities or biological/moral inferiority is implied. The text critiques **racial stereotypes** (associating pale Algerians with Blackness) and highlights **diversity within Africa**, framing the issue as a misunderstanding of racial identity rather than biological/moral inferiority.
Prompt 5 response: No, the text does not express a desire for the target to experience violence, discrimination, exclusion, or harm. It highlights a misunderstanding based on racial assumptions and emphasizes the diversity within Africa.",0.2664243827315959,0.26642438273159597
2320,That sounds epic!!! Almost All my friends at school know and i havent flat out told my parents but they know I'm not straight.,-6.01,"Original Text: That sounds epic!!! Almost All my friends at school know and i havent flat out told my parents but they know I'm not straight.
Prompt 1 response: The speaker expresses excitement (""That sounds epic!!!"") and reveals that most of their friends at school are aware of their non-straight identity, though they have not explicitly told their parents. The phrasing suggests a mix of confidence among peers and cautious secrecy regarding parental knowledge.
Prompt 2 response: **Target:** **LGBTQ+ individuals (specifically, likely young, non-binary or gay/lesbian individuals)**.
Prompt 3 response: No.
Prompt 4 response: No. The text does not compare the target to non-human entities or imply biological/moral inferiority. It focuses on personal disclosure and social awareness without dehumanizing or degrading language.
Prompt 5 response: No. The text expresses excitement and a sense of camaraderie but does not convey a desire for violence, discrimination, exclusion, or harm toward the target.",0.3745393417997759,0.3745393417997751
39121,"Very sad to hear the news of the demise of respected former foreign minister @SushmaSwaraj ji She did not discriminate against anyone, be it Pakistan or Indian, but helped every person Today, Indian politics and BJP have lost a leader of good personality.(1/1) #RIPSushmaSwaraj ji URL",-5.85,"Original Text: Very sad to hear the news of the demise of respected former foreign minister @SushmaSwaraj ji She did not discriminate against anyone, be it Pakistan or Indian, but helped every person Today, Indian politics and BJP have lost a leader of good personality.(1/1) #RIPSushmaSwaraj ji URL
Prompt 1 response: The tweet expresses deep sorrow over the passing of former Foreign Minister **Sushma Swaraj**, praising her inclusive approach—acknowledging her lack of discrimination toward Pakistanis or Indians alike and her commitment to aiding all people. It highlights her as a respected leader whose loss diminishes Indian politics and the BJP. The post includes a hashtag (#RIPSushmaSwaraj) and a truncated URL.
Prompt 2 response: **Target:** **Indian Hindus (implied via ""Indian politics and BJP"")**—**explicitly** through:
- **Religious/nationalist framing** (""Indian politics and BJP,"" a Hindu nationalist party).
- **Assumed shared identity** (""respect"" for a Hindu nationalist leader, implying alignment with her ideology).
- **Exclusionary undertones** (""helped every person"" contrasts with implied ""others"" outside Hindu nationalist circles).

**No explicit mention of race, gender, sexual orientation, or disability.**
Prompt 3 response: No explicit slurs, profanity, or profoundly insulting language directed at any target.
Prompt 4 response: No. The text **does not** compare the target to non-human entities or imply biological/moral inferiority. It uses **elevated, respectful language** (""demise,"" ""respected,"" ""leader of good personality"") and emphasizes **humanistic virtues** (non-discrimination, service to ""every person"").
Prompt 5 response: No. The text expresses grief, respect, and admiration for the individual, emphasizing their inclusive and compassionate nature. There is no indication of a desire for violence, discrimination, exclusion, or harm.",0.3930272832695906,0.39302728326959036
21374,"O Allah, forgive him and elevate his station among those who are guided. Send him along the path of those who came before, and forgive us and him, O Lord of the worlds. Enlarge for him his grave and shed light upon him in it. URL",-3.15,"Original Text: O Allah, forgive him and elevate his station among those who are guided. Send him along the path of those who came before, and forgive us and him, O Lord of the worlds. Enlarge for him his grave and shed light upon him in it. URL
Prompt 1 response: **""O Allah, grant forgiveness to [him] and elevate his rank among the guided. Guide him along the path of the righteous predecessors. Forgive both us and him, O Lord of all worlds. Expand his grave and illuminate him within it.""**
Prompt 2 response: **Target:** **Muslim men** (implicit via religious invocation and gendered pronouns: ""him,"" ""his"").
Prompt 3 response: No.
Prompt 4 response: No. The text invokes divine mercy, guidance, and elevation of spiritual station—**no biological, moral, or comparative inferiority** is implied.
Prompt 5 response: No. The text expresses a plea for mercy, spiritual elevation, guidance, and well-being for the target.",0.07671865805820026,0.0767186580582003
35743,"Meet the 23-Year-Old Indian Origin Doctor Bhasha Mukherjee, Who Is Now 'Miss England' URL",-2.81,"Original Text: Meet the 23-Year-Old Indian Origin Doctor Bhasha Mukherjee, Who Is Now 'Miss England' URL
Prompt 1 response: **Summary:**

Bhasha Mukherjee, a **23-year-old doctor of Indian origin**, has been crowned **""Miss England""** in a recent beauty pageant. The URL provided likely links to an article or profile detailing her achievement.
Prompt 2 response: **Target:** **Indian-origin women** (age 23, implied via ""23-Year-Old"" and ""Miss England"" title).
Prompt 3 response: No.
Prompt 4 response: No direct comparison to non-human entities or biological/moral inferiority is implied. The text frames her as a **human achievement** (""Miss England"") without dehumanizing language.
Prompt 5 response: No. The text does not express a desire for violence, discrimination, exclusion, or harm. It simply introduces an individual and their achievement.",0.4454445640616848,0.44544456406168464
5719,Literally anything racist or with the nword,-2.49,"Original Text: Literally anything racist or with the nword
Prompt 1 response: **Summary:**

The directive is to **exclude any content** containing:
- **Racist** language, ideology, or references.
- **The ""n-word""** (in any form, including slurs, variations, or coded language).

No summaries or responses will include such material.
Prompt 2 response: **Yes.** Targets:
- **Race** (Black individuals)
- **Sexual orientation** (LGBTQ+ individuals, particularly Black queer/trans people, via coded slurs)
Prompt 3 response: No explicit slurs, profanity, or profoundly insulting language were found in the provided text. The phrase ""nword"" is a euphemism for a racial slur and should not be used unprompted or without context. No specific words or phrases were identified in the given text.
Prompt 4 response: Yes. The text **explicitly dehumanizes** by comparing the target to **dirt** (""dirt"") and **disease** (implied by ""literally anything racist,"" which includes slurs tied to biological inferiority). The phrase ""literally anything"" also **biologically reduces** the target to a subhuman, toxic, or polluting entity. No moral inferiority is stated, but the **biological framing** (dirt/disease) implies degradation.
Prompt 5 response: No, the text does **not** express a desire for violence, discrimination, exclusion, or harm. It explicitly rejects and condemns racist language, including the use of the **N-word**. The intent is to **prohibit** or **condemn** such language, not to incite harm.",0.6150886275607705,0.6150886275607703
45712,America God Said Stop Abortions. He is not joking!!!!!! For Full prophecy go to King of Glory Ministries on YouTube,-2.61,"Original Text: America God Said Stop Abortions. He is not joking!!!!!! For Full prophecy go to King of Glory Ministries on YouTube
Prompt 1 response: The text promotes a religious stance against abortion, asserting that God commands its cessation and is ""not joking."" It directs readers to **""King of Glory Ministries""** on YouTube for further ""prophecy"" or justification. The tone is emphatic and urgent.
Prompt 2 response: **Target:** **Religious conservatives (likely Christian fundamentalists)**—explicitly targeting **pro-life advocates** via **biblical/prophetic framing** and **anti-abortion messaging**. No other demographic specified.
Prompt 3 response: No explicit slurs, profanity, or profoundly insulting language directed at a specific target are present in the provided text.
Prompt 4 response: **Yes.** The text dehumanizes abortion by framing it as a **biologically/morally inferior** act—comparable to a **disease or destructive force** (""He is not joking!!!!!!"")—and as something **unnatural or sinful** (""America God Said Stop Abortions""). The use of **exclamation marks** and **capitalization** reinforces a **moral condemnation**, implying the target (abortion) is **evil or subhuman** in God’s eyes. No direct animal/pest/dirt comparison, but the **apocalyptic tone** (""prophecy"") suggests a **corrupting or parasitic** implication.
Prompt 5 response: No, the text does not explicitly express a desire for the target to experience violence, discrimination, exclusion, or harm. It advocates for a religious stance against abortion and references a source for further information.",0.07617415995851301,0.07617415995851358
14716,"Yeah, like I said I agree with that point. Neuer, Lahm, Boateng, Schweinsteiger, Müller is still a big group of players that were important for the WC win and shaped Bayern.",-2.71,"Original Text: Yeah, like I said I agree with that point. Neuer, Lahm, Boateng, Schweinsteiger, Müller is still a big group of players that were important for the WC win and shaped Bayern.
Prompt 1 response: The text acknowledges the significance of key Bayern Munich players—Neuer, Lahm, Boateng, Schweinsteiger, and Müller—in shaping the club’s success and contributing to Germany’s 2014 World Cup victory.
Prompt 2 response: No.
Prompt 3 response: No.
Prompt 4 response: **Yes.** The text implies biological/moral inferiority by using **""Schweinsteiger""** (*""Schwein""* = ""pig"" in German), a derogatory term implying the player is crude, unrefined, or morally low. The phrasing also dehumanizes the group by framing them as a **""big group of players""** (impersonal, collective), reducing their individual contributions to a shared, almost interchangeable role in the team's success.
Prompt 5 response: No. The text acknowledges the contributions of specific players to a team's success and does not express a desire for violence, discrimination, exclusion, or harm.",0.33845801933436964,0.3384580193343693
48374,"Straight white Male but Fuckin love this song. ""Why men great till they gotta be great?"" No Idea still tryin to figure that out myself.",-3.56,"Original Text: Straight white Male but Fuckin love this song. ""Why men great till they gotta be great?"" No Idea still tryin to figure that out myself.
Prompt 1 response: **""Straight white male but love this song.""** – Acknowledges personal identity while expressing admiration for the music.

**""Why men great till they gotta be great?""** – Critiques societal expectations of masculinity, questioning how men are celebrated until they must prove their worth.

**""No idea, still tryin' figure that out myself.""** – Admits uncertainty about the underlying meaning, reflecting on personal introspection.
Prompt 2 response: **Target:** Straight white males (implicitly via self-identification and gendered phrasing).
Prompt 3 response: No.
Prompt 4 response: No direct comparison to non-human entities or biological/moral inferiority implied. The text is subjective, introspective, and lacks explicit dehumanizing or degrading language. The phrase *""Why men great till they gotta be great?""* is rhetorical, not pejorative.
Prompt 5 response: No, the text does not express a desire for the target to experience violence, discrimination, exclusion, or harm. It expresses admiration for the song and a reflective, open-ended personal musing.",0.4731061290103799,0.47310612901038
42616,Me too! It's the 21st century and they still haven't learned anything from Dr. Martin Luther King!,-2.5,"Original Text: Me too! It's the 21st century and they still haven't learned anything from Dr. Martin Luther King!
Prompt 1 response: The text critiques societal stagnation regarding racial justice, referencing Dr. Martin Luther King Jr.’s legacy to highlight persistent systemic failures in addressing racial inequality in the 21st century. The phrase *""Me too!""* implies frustration that progress has been insufficient or nonexistent despite ongoing advocacy and awareness.
Prompt 2 response: **Target:** **Black Americans** (implicitly, via reference to Dr. Martin Luther King Jr.) **AND** **activists/advocates for racial justice** (contextual).
Prompt 3 response: No.
Prompt 4 response: No direct comparison to non-human entities or biological/moral inferiority implied. The text critiques **human** ignorance and failure to progress, referencing **Dr. King’s legacy** as a moral benchmark.
Prompt 5 response: No, the text does not express a desire for violence, discrimination, exclusion, or harm. It expresses frustration and disappointment regarding perceived societal progress regarding racial justice and equality.",0.13169433168299083,0.13169433168299077
37102,Tall guys love em cos they love us back. And most times...we give the energy we get. 😍 URL,-4.24,"Original Text: Tall guys love em cos they love us back. And most times...we give the energy we get. 😍 URL
Prompt 1 response: **""Tall guys love us (we love them back), and often, we mirror the energy they show us.""** *(Emoji: heart-eyes)*
Prompt 2 response: **Target:** Heterosexual cisgender women (implied via gendered pronouns *""us""* and *""they""*) and heterosexual cisgender men (implied via *""Tall guys""* and *""they love us back""*).

**Assumptions:** Heteronormative framing; no explicit exclusion of other demographics, but context suggests a focus on this dynamic.
Prompt 3 response: No explicit slurs, profanity, or profoundly insulting language directed at any target.
Prompt 4 response: **No direct comparison to non-human entities or biological/moral inferiority implied.**

The text uses **romantic/affectionate language** (""love em,"" ""give the energy we get,"" emoji) but does not dehumanize or degrade the target. The phrasing is **subjective and relational**, focusing on mutual affection rather than biological/moral judgments.
Prompt 5 response: No, the text does not express a desire for violence, discrimination, exclusion, or harm. It conveys a general observation about mutual affection and reciprocity in relationships.",0.08536399651150164,0.0853639965115016
4328,"NTA. You should tell your Dad why you're really angry with him. He straight up abandoned you for another family and tried to make it sound like he was doing something virtuous. Bully kid propaby did need a father figure, but so did you. You have every right to be angry. But, if letting your Dad continue to believe you're a homophobe makes it easier for you to deal with him then dont say anything.",-3.42,"Original Text: NTA. You should tell your Dad why you're really angry with him. He straight up abandoned you for another family and tried to make it sound like he was doing something virtuous. Bully kid propaby did need a father figure, but so did you. You have every right to be angry. But, if letting your Dad continue to believe you're a homophobe makes it easier for you to deal with him then dont say anything.
Prompt 1 response: The text argues that the speaker feels deeply betrayed by their father for leaving them to be with another family, framing it as abandonment rather than a virtuous act. They acknowledge their right to anger but suggest a pragmatic approach: if maintaining the illusion that they are homophobic helps them cope with their father, they should not correct him.
Prompt 2 response: **Target:** **LGBTQ+ individuals (specifically gay/queer men) who have experienced abandonment or rejection by a parent due to their sexual orientation.**
Prompt 3 response: No explicit slurs or profanity. The text contains the following potentially insulting language directed at the target:

- **""abandoned""**
- **""virtuous""** (implied as hypocritical)
- **""homophobe""** (insulting implication)
Prompt 4 response: No direct comparison to non-human entities or biological/moral inferiority implied. However, the text **indirectly** frames the father as **emotionally absent/selfish** (""abandoned,"" ""virtuous"" as a facade) and **manipulative** (""tried to make it sound like""), which could be read as morally inferior in relational terms. The ""bully kid"" analogy (implied as needing a father) subtly positions the father as **lesser** in paternal responsibility.
Prompt 5 response: No, the text does not express a desire for the target to experience violence, discrimination, exclusion, or harm. It conveys anger, frustration, and a call for accountability, but not a wish for harm.",0.4372897150737937,0.43728971507379333
4457,"happy pride, one year, I volunteered for our city's pride parade and I remember thinking that it was the first time in my life that I was the sexual minority (I'm a heterosexual), as everyone around me was LGBT. This was just for a weekend and I'm an adult so I can imagine a child or a teen who lives that every day could find that very challenging.",-2.89,"Original Text: happy pride, one year, I volunteered for our city's pride parade and I remember thinking that it was the first time in my life that I was the sexual minority (I'm a heterosexual), as everyone around me was LGBT. This was just for a weekend and I'm an adult so I can imagine a child or a teen who lives that every day could find that very challenging.
Prompt 1 response: **Summary:**
The author reflects on volunteering at a Pride parade, noting that, as a heterosexual, they felt like the only non-LGBTQ+ person in a predominantly queer environment. They acknowledge the potential emotional difficulty for a child or teen who experiences this daily exclusion or isolation.
Prompt 2 response: **Target:** **LGBTQ+ individuals (particularly minors/teens)**—implicitly referenced as the primary demographic experiencing daily challenges, contrasted with heterosexual adults.
Prompt 3 response: No.
Prompt 4 response: No direct comparison to non-human entities or biological/moral inferiority is present. The text **indirectly** implies **social/environmental inferiority** by framing heterosexuality as the ""default"" or ""normal"" identity (implied by ""first time being the minority"") and highlighting the potential **psychological challenge** of being in a minority group daily. The phrasing suggests **temporary discomfort** rather than inherent inferiority.
Prompt 5 response: No. The text expresses empathy and concern for LGBT individuals who may experience exclusion or challenges due to their identity, not a desire for harm or violence.",0.2907024069102023,0.29070240691020227
44720,The only due process is deportation. Seriously people? There should never be any RIGHTS guaranteed to any ILLEGAL other than a bus ride back to the country they snuck over the boarder from.,-0.09,"Original Text: The only due process is deportation. Seriously people? There should never be any RIGHTS guaranteed to any ILLEGAL other than a bus ride back to the country they snuck over the boarder from.
Prompt 1 response: The text argues that illegal immigrants should not be granted any rights beyond the procedural right to be deported, emphasizing that due process should not apply to them. It frames deportation as the sole ""due process"" owed to them, implying no legal protections or guarantees should extend beyond their removal from the country.
Prompt 2 response: **Target:** Undocumented immigrants (implied by ""illegal other"" and ""snuck over the border""). **Demographic characteristics:** Race/ethnicity (implicitly Latinx/Central/South American, based on border context) and immigration status. **Explicit exclusion:** No explicit targeting by religion, gender, sexual orientation, or disability.
Prompt 3 response: Yes.

- **""ILLEGAL""** (used as an insulting epithet)
- **""snuck""** (implied derogatory framing of border crossing as criminal)
Prompt 4 response: **Yes.** The text dehumanizes by:
- **Comparing to pests/dirt**: ""snuck over the border"" (suggests stealthy, vermin-like infiltration).
- **Biological/moral inferiority**: ""ILLEGAL"" (treats them as a category of subhuman ""other,"" akin to disease or filth).
- **No due process**: Framing deportation as the *only* ""due process"" implies they lack fundamental human rights, akin to non-sentient entities.
Prompt 5 response: No, the text does **not** explicitly express a desire for the target to experience violence, discrimination, exclusion, or harm. Instead, it advocates for strict enforcement of immigration policies, framing deportation as the sole ""due process"" for undocumented individuals while denying them broader legal protections. The language is exclusionary in tone but does not explicitly call for physical or systemic harm.",0.4367979776149003,0.43679797761490013
17004,"Yeah, not like those liberated hollywood types who just rape women and children. Definitely morally superior.",0.02,"Original Text: Yeah, not like those liberated hollywood types who just rape women and children. Definitely morally superior.
Prompt 1 response: The speaker dismisses Hollywood figures associated with sexual misconduct (e.g., rape allegations) as morally inferior, positioning themselves as morally superior by contrast. The phrasing implies a self-righteous stance, contrasting their perceived virtue with the alleged actions of others.
Prompt 2 response: **Target:** Women and children (implied as victims of rape); **implied exclusionary group:** ""liberated Hollywood types"" (likely coded for progressive/left-leaning individuals, particularly women in entertainment).
Prompt 3 response: Yes.

- **""rape""** (implied action)
- **""liberated hollywood types""** (implied stereotype of Hollywood elites as morally corrupt)
Prompt 4 response: **Yes.** The text dehumanizes the target by comparing them to **animals (implied by ""liberated hollywood types"")** and **dirt/pests (via ""rape"" as a degrading act)**, while explicitly asserting **moral inferiority** (""not like... Definitely morally superior""). The phrasing frames the target as inherently corrupt or violent, akin to subhuman entities.
Prompt 5 response: No, the text does not explicitly express a desire for violence, discrimination, exclusion, or harm toward any target. Instead, it makes a broad, hyperbolic critique of Hollywood figures, using exaggerated and offensive language to imply moral inferiority. The phrasing is inflammatory and dehumanizing but does not directly call for harm.",0.7009589540147269,0.7009589540147263
43497,"White nationalists will be always be that, deplorables in every sense, and the people that say they are not, are either liars or idiots, enjoy while it last, it won't be long anyway. I am tired of them and idiots scare me more than al-queda at this point, so guess who I want gone by now. , I want the hypocrite liars and real evil people dead or in healing forever, but the rest of idiots? Want to be merciful with them, just gone and ever come back..",-1.55,"Original Text: White nationalists will be always be that, deplorables in every sense, and the people that say they are not, are either liars or idiots, enjoy while it last, it won't be long anyway. I am tired of them and idiots scare me more than al-queda at this point, so guess who I want gone by now. , I want the hypocrite liars and real evil people dead or in healing forever, but the rest of idiots? Want to be merciful with them, just gone and ever come back..
Prompt 1 response: The speaker dismisses white nationalists as inherently despicable, labeling those who deny it either liars or fools. They express exhaustion with them, fearing idiocy more than terrorism, and demand their removal. They advocate for the elimination or permanent isolation of hypocritical liars and genuinely evil individuals, while advocating for mercy toward the rest—merely wishing them to disappear permanently without return.
Prompt 2 response: **Target:** White nationalists (implicitly, via racial/ethnic identity as ""White"").
Prompt 3 response: Yes.

**Explicit slurs/profanity/insulting language:**
- ""deplorables""
- ""liars""
- ""idiots""
- ""al-queda"" (misused as a slur)
- ""hypocrite liars""
- ""real evil people""
- ""merciless"" (implied violence, though not explicit)
- ""gone"" (implied violent removal)
- ""ever come back"" (implied violent or irreversible removal)
Prompt 4 response: **Yes.** The text dehumanizes white nationalists by:
1. **Comparing them to pests/diseases**: ""deplorables,"" ""idiots,"" ""evil people"" (implying moral/biological corruption).
2. **Biological/moral inferiority**: ""tired of them,"" ""scare me more than al-Qaeda"" (reducing them to threats akin to terror groups), and framing them as a burden (""just gone and ever come back"").
3. **Violent/permanent erasure**: ""dead or in healing forever"" (suggests extermination or permanent containment).
Prompt 5 response: No, the text does **not** explicitly express a desire for the target to experience violence, discrimination, exclusion, or harm. Instead, it conveys frustration, disgust, and a wish for their **removal, erasure, or permanent absence** from society, framed in hyperbolic and emotionally charged language. The phrasing leans toward **metaphorical or symbolic elimination** (e.g., ""gone,"" ""never come back"") rather than literal harm.",0.7282191322234505,0.7282191322234502
37425,@CarmineSabia Name muslim terrorist when they attack ill wait the second shooting was donw by a leftt dem you lot will be silenced on that one though,-0.22,"Original Text: @CarmineSabia Name muslim terrorist when they attack ill wait the second shooting was donw by a leftt dem you lot will be silenced on that one though
Prompt 1 response: The tweet by @CarmineSabia suggests a pattern of selective labeling based on political affiliation:

1. **Initial Claim**: Accuses Muslims of terrorism when attacks occur.
2. **Contrast**: Implies the second incident was perpetrated by a left-wing Democrat, implying a partisan motive.
3. **Threat**: Threatens retaliation (""you lot will be silenced"") against those who challenge or expose this perceived bias.
Prompt 2 response: **Target:** **Muslims** (implicitly via stereotyping) **AND** **Left-wing individuals** (explicitly via political affiliation). **Religious and political demographics.**
Prompt 3 response: Yes.

- **""muslim terrorist""** (explicit slur)
- **""leftt dem""** (mispronounced/profanity-laced insult)
- **""you lot""** (derogatory collective term)
Prompt 4 response: The text **explicitly compares Muslim terrorists to non-human entities** (implied as pests/diseases) via the phrase *""Name muslim terrorist when they attack""* (treating them as a contagious, unnamed threat). It **implies moral inferiority** by framing them as a **target for elimination** (""silenced"") while contrasting them with ""leftt dem"" (leftists), who are framed as a **lesser or more justified threat** (""you lot will be silenced on that one though""). The phrasing suggests **dehumanization** (""terrorist"" as a label) and **biological/moral hierarchy** (Muslims as a ""disease"" vs. leftists as a ""group"").
Prompt 5 response: No, the text does not explicitly express a desire for the target to experience violence, discrimination, exclusion, or harm. However, it contains inflammatory rhetoric, incitement to hatred, and threats of retaliation against a group (implied to be political opponents or a broader demographic). The language is provocative and could be interpreted as encouraging or justifying violence or harm against perceived enemies.",0.8451335787409161,0.8451335787409162
48685,"Libtard self-hating unhappy women pretending. and falsely claiming to be ""religious conservative women"" replying to that article complaining about it's findings, it's so obvious",-0.42,"Original Text: Libtard self-hating unhappy women pretending. and falsely claiming to be ""religious conservative women"" replying to that article complaining about it's findings, it's so obvious
Prompt 1 response: The text critiques a group of women—allegedly presenting as ""religious conservative women""—who are accused of:

1. **Feigned authenticity**: Pretending to embody conservative religious values while secretly harboring resentment or discontent.
2. **Self-deprecation**: Engaging in self-hating behavior, possibly masking genuine dissatisfaction with their perceived roles or beliefs.
3. **Dishonesty**: Falsely portraying themselves as conservative or religious to align with a narrative, despite internal contradictions or hypocrisy.
4. **Obviousness**: The critique suggests their claims are transparently insincere or performative, lacking genuine conviction.

The summary highlights a perceived performative, self-contradictory, and insincere portrayal of conservative religious identity among some women.
Prompt 2 response: **Target:** Women who identify as religious/conservative, implicitly suggesting they are hypocritical or insincere.
Prompt 3 response: Yes.

**Explicit slurs/profanity:**
- ""Libtard"" (derogatory term for liberal)

**Profoundly insulting language:**
- ""self-hating""
- ""unhappy women""
- ""pretending""
- ""falsely claiming""
- ""religious conservative women"" (implied as hypocritical or insincere)
Prompt 4 response: **Yes.** The text dehumanizes the target group by:
1. **Animalistic comparison** (""libtard"")—reducing them to a derogatory, subhuman label.
2. **Biological/moral inferiority**—implied through ""self-hating,"" ""unhappy,"" and ""pretending,"" framing them as emotionally/ethically flawed.
3. **Disease metaphor**—""falsely claiming"" suggests contagious deception, reinforcing moral corruption.
Prompt 5 response: No, the text does not explicitly express a desire for the target to experience violence, discrimination, exclusion, or harm. It conveys frustration, sarcasm, and skepticism about the authenticity and motives of the individuals being criticized.",0.7895512327031554,0.7895512327031525
36407,"No, he's giving arms to Saudi Arabia. You know, the one's who killed a journalist because he called them out on their evil, and where the vast majority of terrorists usually come from. Last time I checked, Mexicans didn't bring down the Trade Center towers, did they, princess? URL",-0.98,"Original Text: No, he's giving arms to Saudi Arabia. You know, the one's who killed a journalist because he called them out on their evil, and where the vast majority of terrorists usually come from. Last time I checked, Mexicans didn't bring down the Trade Center towers, did they, princess? URL
Prompt 1 response: The speaker criticizes a person (likely a U.S. government official) for supplying weapons to Saudi Arabia, citing its role in the murder of journalist Jamal Khashoggi and its association with terrorism. They also mockingly question whether Mexicans were responsible for the 9/11 attacks, implying a false equivalence to undermine the criticism.
Prompt 2 response: **Target:** **Muslims (implied via Saudi Arabia and ""terrorists"")** and **Mexicans (explicitly via ""Mexicans didn’t bring down the Trade Center towers"")**. **Gender:** Likely **women (via ""princess,"" implying misogyny)**. **Religion:** **Islam (via Saudi Arabia and ""terrorists"")**. **Race/ethnicity:** **Latinx/Mexican (explicit)**. **No explicit mention of disability or sexual orientation.**
Prompt 3 response: Yes.

**Specific words/phrases:**
- **""princess""** (insulting, gendered, and condescending)
- **""the one's""** (grammatically incorrect, but also implies derogatory association with Saudi Arabia as a source of harm)
- **""terrorists""** (broad, potentially inflammatory framing of Saudi Arabia as a source of terrorism without nuanced context)
Prompt 4 response: **Yes.** The text compares Saudi Arabia to **terrorists** (implied biological/moral inferiority via association with violence and extremism) and **Mexicans** to **terrorists** (via false equivalence, implying moral inferiority). The phrase *""the one's who killed a journalist""* frames Saudi Arabia as a **disease/pest** (e.g., ""evil,"" ""terrorists""). The rhetorical question about 9/11 **dehumanizes** Mexicans by implying they are inherently violent or complicit in terrorism.
Prompt 5 response: No, the text does not explicitly express a desire for violence, discrimination, exclusion, or harm against the target. However, it does contain **implicit hostility, sarcasm, and inflammatory rhetoric** that could be interpreted as **indirectly inciting animosity, stereotyping, or dehumanizing** (e.g., ""princess,"" ""terrorists,"" ""evil""). The tone is **aggressive and accusatory**, but not a direct call for harm.",0.6140579203966731,0.6140579203966731
3352,"Woman: Cries Early 20th century psychiatrist: She's mentally ill, put her in the insane asylum!",0.23,"Original Text: Woman: Cries Early 20th century psychiatrist: She's mentally ill, put her in the insane asylum!
Prompt 1 response: **Summary:**
A woman exhibiting emotional distress in the early 20th century was diagnosed as ""mentally ill"" by a psychiatrist, leading to her institutionalization in an insane asylum. The response reflects the era’s medical and societal attitudes toward mental health, which often pathologized emotional or behavioral differences without nuanced assessment.
Prompt 2 response: **Target:** Women (gender).
Prompt 3 response: No. The text does not contain explicit slurs, profanity, or profoundly insulting language. It uses **stereotypical, dehumanizing, and historically harmful medicalized language** (""mentally ill,"" ""insane asylum"") to pathologize and justify exclusionary treatment of women based on gender norms.
Prompt 4 response: **Yes.** The psychiatrist dehumanizes the woman by:
- **Biological framing**: ""Mentally ill"" reduces her to a pathological state (like a disease).
- **Institutional confinement**: ""Insane asylum"" implies she is a dangerous or uncontrollable entity (like a pest or animal) requiring containment.
- **Lack of agency**: Her humanity is erased; she is treated as a problem to be managed, not a person with emotions or rights.
Prompt 5 response: No, the text does not explicitly express a desire for violence, discrimination, exclusion, or harm. It presents a historical context of misdiagnosis and institutionalization of women based on outdated and harmful psychiatric practices.",0.33910278963585894,0.33910278963585877
35132,Bitch I ain't hit u up don't that tell you I don't want you no more,-1.5,"Original Text: Bitch I ain't hit u up don't that tell you I don't want you no more
Prompt 1 response: The speaker expresses frustration and rejection by stating they haven’t reached out to the other person, implying they no longer have interest or desire for them. The tone is dismissive and final.
Prompt 2 response: **Target:** **Females (gendered slur ""bitch"")** + **potentially Black or African American (linguistic/cultural context of ""hit u up"")**.
Prompt 3 response: Yes.

- **Bitch** (insulting term directed at the target)
- **Hit u up** (slang for contacting someone, but used in a dismissive context)
- **Don’t that tell you** (grammatically incorrect phrasing, but implies dismissiveness)
Prompt 4 response: **Yes.** The text dehumanizes the target by:
- **Animal comparison** (""bitch,"" a derogatory term for a female dog).
- **Biological/moral inferiority** (""hit u up"" implies transactional, objectified interaction; ""don’t want you no more"" frames rejection as a lack of value).
Prompt 5 response: No, the text does not explicitly express a desire for the target to experience violence, discrimination, exclusion, or harm. It conveys rejection, frustration, or disinterest in continuing contact.",0.4876378996373253,0.4876378996373254
32319,No bitch apply enough pressure to make me feel insecure about myself I'm sorry you can be coldest bitch Inna world I still feel like I'm that bitch PERIODTTT❗️❗️❗️,-2.11,"Original Text: No bitch apply enough pressure to make me feel insecure about myself I'm sorry you can be coldest bitch Inna world I still feel like I'm that bitch PERIODTTT❗️❗️❗️
Prompt 1 response: The speaker asserts self-assurance, rejecting insecurity caused by others, particularly someone perceived as ""cold"" or harsh. Despite external criticism or negativity, they maintain confidence in their identity and worth, emphasizing unshakable self-perception (""that bitch"") with emphatic punctuation.
Prompt 2 response: **Target:** Women (gendered slurs: ""bitch"").
Prompt 3 response: Yes.

- **""bitch""** (repeated, used in a derogatory manner)
- **""coldest bitch""** (insulting, demeaning)
Prompt 4 response: **Yes.** The text dehumanizes the target by:
1. **Animal comparison** (""bitch"" as a derogatory term for a woman, implying animalistic aggression).
2. **Biological/moral inferiority** (""coldest bitch"" frames them as emotionally unworthy, lacking warmth or humanity).
3. **Rejection of their identity** (""still feel like I'm that bitch"" implies the speaker rejects their perceived flaws, reinforcing their perceived inferiority).
Prompt 5 response: No, the text does not explicitly express a desire for the target to experience violence, discrimination, exclusion, or harm. It conveys frustration, self-affirmation, and a dismissive attitude toward the target, but lacks direct incitement to harm.",0.6408064310127725,0.6408064310127722
11457,You must have some pretty weird cats ngl,-2.48,"Original Text: You must have some pretty weird cats ngl
Prompt 1 response: The speaker acknowledges having some unusual or unconventional cats.
Prompt 2 response: No.
Prompt 3 response: No.
Prompt 4 response: No direct comparison to non-human entities or biological/moral inferiority implied. The phrase *""pretty weird cats""* is colloquial, using ""weird"" as a playful descriptor (not a biological/moral judgment) and ""cats"" as a metaphor for people (common in informal speech). No explicit dehumanization or inferiority framing.
Prompt 5 response: No. The text expresses casual acknowledgment of a perceived oddity (e.g., pets) without any implication of violence, discrimination, exclusion, or harm.",0.3400719643370502,0.34007196433705006
27488,@r4ndie98 Gay ass cunt!,0.94,"Original Text: @r4ndie98 Gay ass cunt!
Prompt 1 response: The text contains a highly offensive and derogatory slur directed at someone identified as ""Gay ass cunt."" It is a vulgar, homophobic, and misogynistic insult. No constructive summary is possible due to its explicit and harmful nature.
Prompt 2 response: **Target:** **LGBTQ+ individuals (specifically gay men)**.
Prompt 3 response: Yes.

- **""Gay ass""** (homophobic slur)
- **""Cunt""** (profoundly insulting and vulgar)
Prompt 4 response: The text uses **dehumanizing slurs** (""cunt"") to **explicitly degrade the target as biologically inferior** (via sexualized insults) and **morally corrupt** (implied vulgarity). No non-human comparisons are made, but the language **reduces the target to a subhuman, filthy, or disgusting entity** through crude, objectifying language.
Prompt 5 response: No, the text does not explicitly express a desire for violence, discrimination, exclusion, or harm. It is a homophobic slur directed at someone identified as gay, but it lacks explicit calls for harm or violence.",0.7587738595174035,0.7587738595174038
405,"MemeriTV: ""The US is a filthy whore dog of Israel!""",2.08,"Original Text: MemeriTV: ""The US is a filthy whore dog of Israel!""
Prompt 1 response: The statement **""The US is a filthy whore dog of Israel!""** from **MemeriTV** is a **highly inflammatory, antisemitic, and dehumanizing** accusation that:

1. **Equates the U.S. to a prostitute** (a ""whore"") in a vulgar, derogatory manner.
2. **Compares the U.S. to a dog** (a subhuman, subservient animal), reinforcing dehumanization.
3. **Accuses the U.S. of being a puppet or subordinate to Israel**, implying uncritical loyalty or servitude.
4. **Contains antisemitic undertones** by framing U.S.-Israel relations in a way that degrades Israelis (or Jewish influence) and portrays them as manipulative or dominant.
5. **Uses extreme, hyperbolic language** to evoke strong emotional reactions, often seen in conspiracy theories or hate speech.

The statement is **not a factual claim** but rather a **provocative, offensive, and potentially antisemitic** rhetorical attack.
Prompt 2 response: **Yes.** Targets **Jewish people** (implied via anti-Israel rhetoric as a proxy for anti-Jewish sentiment).
Prompt 3 response: Yes.

- **""filthy whore""** (profoundly insulting, dehumanizing)
- **""whore dog""** (profoundly insulting, dehumanizing)
Prompt 4 response: Yes. The text compares the US to a **non-human entity (a ""whore dog"")**, implying **biological inferiority** (animalization) and **moral degradation** (dehumanization via sexualized insult). The term ""filthy"" further degrades it as unclean or polluted.
Prompt 5 response: No, the text does **not** explicitly express a desire for the target (Israel or the U.S.) to experience violence, discrimination, exclusion, or harm. Instead, it uses **hyperbolic, inflammatory language** (a metaphor comparing the U.S. to a ""filthy whore dog"") to convey **strong criticism, moral condemnation, or political opposition**—likely framed as a **rhetorical attack** rather than a call for harm. The intent appears to be **provocative, symbolic, or ideological** rather than literal.",0.7511749067494913,0.7511749067494913
9814,I'll fuck your face while I abuse your tits and slap your pussy until I've drained every drop of cum out of my balls,1.37,"Original Text: I'll fuck your face while I abuse your tits and slap your pussy until I've drained every drop of cum out of my balls
Prompt 1 response: The text contains explicit, non-consensual, and degrading language. It describes violent, coercive, and sexually abusive behavior. This is not a summary but a description of harmful, illegal, and unethical content.
Prompt 2 response: **Yes.** Targets **women** (gender) and **heterosexual men** (sexual orientation).
Prompt 3 response: Yes.

- **Explicit slurs/profanity/insulting language:**
  - ""fuck your face""
  - ""abuse your tits""
  - ""slap your pussy""
  - ""drained every drop of cum out of my balls""
Prompt 4 response: The text **explicitly dehumanizes** the target by reducing them to **biologically inferior, objectified body parts** (""face,"" ""tits,"" ""pussy"") and **reproductive functions** (""drained every drop of cum""). The language frames them as **passive, subservient, and biologically functional**—akin to a **machine or animal**—rather than a sentient, moral agent. The tone implies **dominance, ownership, and biological exploitation**, reinforcing inferiority.
Prompt 5 response: No, the text does not express a desire for the target to experience violence, discrimination, exclusion, or harm. It contains explicit, degrading, and objectifying language but does not explicitly advocate for physical harm or violence.",0.7973799873018896,0.7973799873018896
17594,Because Muslims are the most visible brown people. People like you who suck white people's dick are hopeless.,0.66,"Original Text: Because Muslims are the most visible brown people. People like you who suck white people's dick are hopeless.
Prompt 1 response: The text expresses a critical and derogatory stance toward individuals perceived as pandering to white interests, framing them as ""white dick suckers"" who are seen as lacking moral or political integrity. It highlights a perceived racial and political dynamic, where Muslims are portrayed as the most visibly affected or affected group by systemic issues, contrasting them with those who allegedly prioritize white concerns over justice or solidarity with marginalized communities. The language is confrontational and accusatory.
Prompt 2 response: **Yes.** Targets:
- **Religion:** Muslims
- **Race/ethnicity:** ""Brown people"" (implied non-white)
- **Gender/sexual orientation:** Cisgender men perceived as effeminate or submissive (""suck white people's dick"")
Prompt 3 response: Yes.

- **""People like you who suck white people's dick""** (explicitly degrading and racially charged).
Prompt 4 response: Yes. The text dehumanizes Muslims by comparing them to **""brown people""** (a reductive racial stereotype) and implies moral inferiority by calling them **""hopeless.""** The phrase *""suck white people's dick""* is a vulgar, dehumanizing insult, framing Muslims as subservient or parasitic.
Prompt 5 response: No, the text does not explicitly express a desire for the target to experience violence, discrimination, exclusion, or harm. However, it contains **hostile, dehumanizing, and exclusionary language** that promotes **bigotry, stereotyping, and hostility toward Muslims and people of color**, particularly in a derogatory and inflammatory manner. The phrasing is **intentionally provocative and divisive**, but it does not directly call for physical or systemic harm.",0.8588921555667914,0.8588921555667912
3658,"Go kill yourself you giving a bad rep for all minorities you fucking cum licker , dick chomper , big red",1.91,"Original Text: Go kill yourself you giving a bad rep for all minorities you fucking cum licker , dick chomper , big red
Prompt 1 response: The text contains a highly offensive and derogatory message directed at an unspecified individual, using extreme and dehumanizing slurs (""cum licker,"" ""dick chomper"") and racial/ethnic slurs (""big red""). The speaker expresses anger, frustration, and a desire for self-harm (""go kill yourself""), while also implying the target is harming the reputation of minorities. The language is violent, racist, and misogynistic.
Prompt 2 response: **Target:** **LGBTQ+ individuals (specifically, gay men)**—explicitly via slurs (*""cum licker,"" ""dick chomper""*) and implied racial/ethnic stereotyping (*""bad rep for all minorities,"" ""big red""* likely referencing redneck/white working-class associations). **Gender:** Male (via slurs). **No explicit disability, religion, or other demographics.**
Prompt 3 response: Yes.

**Explicit slurs/profanity/insults:**
- ""Go kill yourself""
- ""you giving a bad rep for all minorities""
- ""fucking""
- ""cum licker""
- ""dick chomper""
- ""big red"" (often used as a slur against Asian individuals)
Prompt 4 response: **Yes.** The text dehumanizes the target by:
- **Biological/moral inferiority**: ""cum licker,"" ""dick chomper"" reduce them to animalistic, filthy, or disgusting acts (oral sex framed as predatory or degrading).
- **Biological comparison**: ""big red"" (likely referencing race/ethnicity) implies a crude, reductive biological trait (""red"" as a racial slur) tied to degradation (""licker/chomper""). The phrasing evokes visceral disgust akin to pests or diseases (""you giving a bad rep for all minorities"" frames them as a contaminating force).
Prompt 5 response: No, the text does not express a desire for the target to experience violence, discrimination, exclusion, or harm. However, it contains **explicit slurs, threats of self-harm, and extreme insults** that are harmful, dehumanizing, and likely intended to provoke emotional distress or retaliation.",0.8951181881098056,0.8951181881098057
39586,Whore knows her place as a man's sex object URL,1.26,"Original Text: Whore knows her place as a man's sex object URL
Prompt 1 response: The text is a derogatory and misogynistic phrase that reduces a woman to a degrading stereotype, framing her as an object for male sexual use. It implies that women should be subservient and exist solely for men's sexual gratification, reinforcing harmful gender norms. The phrase is offensive, sexist, and perpetuates harmful attitudes toward women.
Prompt 2 response: **Target:** Women (implied as sex workers or perceived as such), with implicit gendered and objectifying connotations. No explicit demographic beyond gender is targeted.
Prompt 3 response: Yes.

- **Whore** (explicit slur)
- **sex object** (profoundly degrading language)
Prompt 4 response: Yes. The text dehumanizes the target by comparing them to a **sex object** (a non-sentient, objectified entity) and implies **moral inferiority** through the phrase *""whore,""* which carries connotations of shame, exploitation, and subjugation. The phrasing reinforces subordination via biological/moral degradation.
Prompt 5 response: No, the text does not explicitly express a desire for violence, discrimination, exclusion, or harm. It uses derogatory language to demean and objectify, but it does not call for or imply physical harm, systemic exclusion, or violent intent.",0.6289293023103327,0.6289293023103326
25153,@realDonaldTrump This is what the UK Really thinks of you... There were no large cheering & flag waving crowds... There were thousands of JEERING men women & children in protest that you set foot on our soil! #TrumpUKVisit #TrumpProtest #Mueller URL,0.45,"Original Text: @realDonaldTrump This is what the UK Really thinks of you... There were no large cheering & flag waving crowds... There were thousands of JEERING men women & children in protest that you set foot on our soil! #TrumpUKVisit #TrumpProtest #Mueller URL
Prompt 1 response: The tweet highlights a critical reception of Donald Trump’s UK visit, emphasizing:

- **Lack of support**: No large, enthusiastic crowds or flag-waving displays.
- **Massive protests**: Thousands of people—men, women, and children—protested his presence, jeering him.
- **Hashtags**: #TrumpUKVisit, #TrumpProtest, #Mueller (likely referencing Mueller investigation context).
Prompt 2 response: **Target:** **White nationalist/alt-right supporters, Trump supporters, and far-right groups** (implicitly via opposition to Trump and association with ""alt-right"" rhetoric in the URL and tone). **Explicitly:** **No direct demographic targeting** (race, religion, gender, etc.) in the text itself, but the **contextual framing** (e.g., ""JEERING men women & children,"" ""alt-right"" URL) **implies opposition to Trump’s base** (primarily **white Christian conservatives, MAGA supporters, and far-right online communities**).
Prompt 3 response: No explicit slurs, profanity, or profoundly insulting language specifically directed at the target are present in the text. The word **""JEERING""** is a verb form (not a slur) and refers to mocking or taunting behavior, not a direct insult.
Prompt 4 response: **Yes.** The text compares Trump to **dirt** (""dirt"" implied by ""set foot on our soil"") and **pests** (""thousands... in protest that you set foot on our soil""). It also implies moral inferiority by framing his presence as an **unwanted intrusion** (""no large cheering crowds,"" ""jeering""). No explicit biological inferiority, but the imagery reinforces contempt.
Prompt 5 response: No, the text does not explicitly express a desire for the target to experience violence, discrimination, exclusion, or harm. It conveys frustration, opposition, and criticism of the target's visit to the UK, but it does not advocate for or imply such outcomes.",0.35820853835305877,0.35820853835305877
23044,retards. My god are these people ducking retarded. Maybe your girl will lose interest in your fat dumbass cause these people are pieces of shit. I don't mistreat my girl and I don't even talk down on her.,1.76,"Original Text: retards. My god are these people ducking retarded. Maybe your girl will lose interest in your fat dumbass cause these people are pieces of shit. I don't mistreat my girl and I don't even talk down on her.
Prompt 1 response: The text contains highly offensive and derogatory language, including slurs (""retards,"" ""fat dumbass,"" ""pieces of shit"") and misogynistic remarks (""Maybe your girl will lose interest in your fat dumbass""). The speaker expresses contempt for others, criticizes their perceived behavior, and implies superiority through demeaning language. The tone is aggressive, dismissive, and hostile.
Prompt 2 response: **Target:** People with intellectual disabilities (derogatory slur), **and** women (implied via ""your girl"") and men (implied via ""fat dumbass"").
Prompt 3 response: Yes.

- **Explicit slurs/profanity:**
  - ""retards"" (derogatory term for people with intellectual disabilities)
  - ""retarded"" (derogatory term for people with intellectual disabilities)
  - ""fat dumbass"" (insulting compound phrase)
  - ""pieces of shit"" (profoundly insulting phrase)

- **Profoundly insulting language directed at the target:**
  - ""Maybe your girl will lose interest in your fat dumbass"" (degrading and dehumanizing)
  - ""I don't mistreat my girl and I don't even talk down on her"" (implied superiority and belittling of others' partners)
Prompt 4 response: Yes. The text dehumanizes the target by:
- **Biological/moral inferiority**: ""retards"" (derogatory term for intellectual disability), ""dumbass"" (intellectual slur), ""pieces of shit"" (moral degradation).
- **Non-human comparison**: Implies they are subhuman (""ducking retarded"" as animal-like avoidance, ""pieces of shit"" as inanimate waste).
Prompt 5 response: Yes, the text expresses a **desire for harm, degradation, and exclusion** through:

1. **Dehumanizing slurs** (""retards,"" ""pieces of shit"")—intended to incite hostility and violence toward the target group.
2. **Explicit threats of rejection and humiliation** (""Maybe your girl will lose interest in your fat dumbass"")—suggesting emotional and social harm.
3. **Degradation and belittlement** (""talk down on her"")—implying psychological abuse and degradation.
4. **Generalized hostility**—the language is designed to provoke exclusion, discrimination, and potential physical/verbal aggression.",0.8862131321267911,0.8862131321267911
4634,Agreed. Never listen to the deception out the christians mouths. They are wicked liars and worship the devil. The words 'sick' is meant to me good. The word 'come' is also a dirty word.. They celebrate pagan religions. 4:20 is hitlers birthday..,0.81,"Original Text: Agreed. Never listen to the deception out the christians mouths. They are wicked liars and worship the devil. The words 'sick' is meant to me good. The word 'come' is also a dirty word.. They celebrate pagan religions. 4:20 is hitlers birthday..
Prompt 1 response: The text expresses extreme hostility toward Christianity, accusing it of deception, wickedness, and devil worship. It includes derogatory interpretations of words (""sick"" as positive, ""come"" as vulgar) and claims Christians celebrate paganism. It also falsely associates ""4:20"" with Hitler’s birthday. The rhetoric is inflammatory, conspiratorial, and factually unsupported.
Prompt 2 response: **Target:** **Christians** (implicitly, with additional broad, derogatory associations to **pagan worshippers, Nazis, and perceived ""deviants""** via coded language).
Prompt 3 response: Yes.

- **""Christians""** (implied as a derogatory term)
- **""Wicked liars""** (profoundly insulting)
- **""Devil""** (insulting)
- **""Sick""** (used as a slur)
- **""Dirty word""** (applied to ""come"")
- **""Pagan religions""** (insulting)
- **""4:20 is Hitler’s birthday""** (insulting, offensive, and historically problematic)
Prompt 4 response: **Yes.** The text dehumanizes and morally condemns the target by:
- **Comparing to disease**: *""The words 'sick' is meant to me good""* (implying moral corruption as contagious).
- **Degrading language**: *""dirty word""* (reducing speech to filth).
- **Associating with evil**: *""wicked liars,"" ""worship the devil,"" ""pagan religions""* (biological/moral inferiority via demonization).
- **Hitlerian equivalence**: *""4:20 is Hitler’s birthday""* (dehumanizing through historical monstrosity).
Prompt 5 response: No, the text does not explicitly express a desire for violence, discrimination, exclusion, or harm against the target. However, it contains **hateful rhetoric, dehumanizing language, and inflammatory accusations** (e.g., calling individuals ""wicked liars,"" associating them with the devil, and using derogatory terms). The tone is hostile, but the intent is not clearly articulated as a call for physical or systemic harm.",0.837636334405625,0.8376363344056246
48705,"Bitch in the white had cotton mouth bad didn't she, lil thirsty ass",1.3,"Original Text: Bitch in the white had cotton mouth bad didn't she, lil thirsty ass
Prompt 1 response: The speaker expresses disapproval of someone (referred to as ""bitch in the white"") for having poor manners or behavior, specifically criticizing their rude or ungrateful attitude (""cotton mouth bad"") and suggesting they are overly demanding or entitled (""lil thirsty ass""). The phrasing is aggressive and dismissive.
Prompt 2 response: **Target:** Women (gendered slur), with implicit racial stereotyping (association with ""cotton mouth"" as a racialized slur).
Prompt 3 response: Yes.

- **Bitch**
- **Cotton mouth**
- **Lil thirsty ass**
Prompt 4 response: Yes. The text dehumanizes the target by comparing them to a **dog (""bitch"")** and **dirt (""cotton mouth"")**, implying moral and biological inferiority through vulgar, degrading language (""lil thirsty ass"").
Prompt 5 response: No, the text does not explicitly express a desire for the target to experience violence, discrimination, exclusion, or harm. It uses derogatory and vulgar language, but it does not advocate for or imply physical, systemic, or emotional harm.",0.5538763024253449,0.5538763024253448
28090,@freetobe66 @michaelbeatty3 @1Romans58 @realDonaldTrump I Will Be Damned If My Federal Tax Dollars Will Be Used To Give Scum Sucking Illegals Free Health Insurance. They Should Be Terminated At The Border,4.65,"Original Text: @freetobe66 @michaelbeatty3 @1Romans58 @realDonaldTrump I Will Be Damned If My Federal Tax Dollars Will Be Used To Give Scum Sucking Illegals Free Health Insurance. They Should Be Terminated At The Border
Prompt 1 response: The tweet expresses strong opposition to using federal tax dollars for healthcare coverage for undocumented immigrants, stating:

- **""I Will Be Damned""** – Emphasizes moral outrage.
- **""Free Health Insurance""** – Criticizes what is perceived as a benefit for undocumented individuals.
- **""Scum Sucking Illegals""** – Uses derogatory language to describe undocumented immigrants.
- **""Terminated At The Border""** – Advocates for stricter border enforcement, including deportation.

The message reflects a stance against federal funding for undocumented immigrants' healthcare and supports stricter immigration policies.
Prompt 2 response: **Target:** Undocumented immigrants (implied as a group via racialized/ethnicized language: ""scum sucking illegals"").
Prompt 3 response: Yes.

- **Slurs/insulting language**:
  - ""Scum sucking""
  - ""Illegals"" (derogatory term)
  - ""Terminated"" (used in a dehumanizing context)
Prompt 4 response: **Yes.** The text compares the target to **scum** (a derogatory term implying moral inferiority) and **illegals** (a dehumanizing label). The phrase *""Terminated at the border""* frames them as pests or threats to be eradicated, reinforcing biological/moral inferiority.
Prompt 5 response: No, the text does not explicitly express a desire for the target group to experience violence, discrimination, exclusion, or harm. It conveys frustration, opposition to policies, and a demand for stricter border control (e.g., ""Terminated at the border"").",0.8485301066445524,0.8485301066445524
47219,Yea we should just go ahead and blow that shit hole of a country up.,3.82,"Original Text: Yea we should just go ahead and blow that shit hole of a country up.
Prompt 1 response: The text expresses a violent and extreme call to destroy a country, using derogatory language (""shit hole"") to demean it. The sentiment is inflammatory, advocating for destruction and hostility.
Prompt 2 response: **Yes.** The text targets **Muslims** (implied via the term *""shit hole of a country""* as a derogatory reference to Muslim-majority nations).
Prompt 3 response: Yes.

- **""shit hole""** (insulting and dehumanizing phrase directed at a country)
Prompt 4 response: Yes. The text dehumanizes the target by:
- **Comparing it to a ""shit hole""** (a filthy, worthless place, akin to waste/dirt).
- **Using ""blow up""** (a violent, destructive act typically reserved for non-living objects or threats like bombs, pests, or diseases).
- **Implied biological/moral inferiority**: The phrase ""shit hole"" suggests the country is unclean, uninhabitable, or unworthy of existence—akin to a disease or pest infestation.
Prompt 5 response: No, the text does not explicitly express a desire for the target to experience violence, discrimination, exclusion, or harm. Instead, it uses inflammatory, hyperbolic language to express frustration or opposition to a place or concept, without a clear, direct call for harm. The phrasing is extreme and reckless, but it does not unambiguously advocate for violence or harm.",0.8143907108968799,0.8143907108968799
39510,wow what a retardedly retarded retard,3.38,"Original Text: wow what a retardedly retarded retard
Prompt 1 response: The text is a vulgar and offensive slur, using the word **""retard""** (or **""retarded""**) in a highly derogatory and repetitive manner to insult or demean someone. It is considered deeply offensive and inappropriate.
Prompt 2 response: **Target:** Individuals with intellectual disabilities (pejorative slur).
Prompt 3 response: Yes.

- **Retarded** (used twice)
- **Retard** (used twice)
Prompt 4 response: Yes. The text uses **""retarded""** (a slur historically tied to intellectual disability) to **dehumanize and degrade** the target, implying **biological/moral inferiority** through:
- **Biological:** Suggests cognitive impairment (a disability).
- **Moral:** Reinforces contempt via repeated, exaggerated insult (""retardedly retarded""), framing the target as **lesser than human** (akin to a pest or defective entity).
Prompt 5 response: No, the text does not express a desire for violence, discrimination, exclusion, or harm. It uses a highly offensive and derogatory slur (""retard"") in a repetitive, exaggerated manner, but the intent appears to be one of mockery or insult rather than advocacy for harm.",0.6406112274112026,0.6406112274112024
22129,@CardDominant here to spoil but you're talking shit ?? Shut the fuck up. Can't even show your ugly ass face cause you're probably some old fucking hag who has a clit instead of a dick. Blocked again.,3.58,"Original Text: @CardDominant here to spoil but you're talking shit ?? Shut the fuck up. Can't even show your ugly ass face cause you're probably some old fucking hag who has a clit instead of a dick. Blocked again.
Prompt 1 response: The user expresses frustration and aggression toward someone identified as ""@CardDominant,"" accusing them of hypocrisy (""talking shit"") and insinuating they are cowardly (""can't even show your ugly ass face""). They make crude, gendered insults (""old fucking hag,"" ""clit instead of a dick"") and state they have blocked the person again. The tone is hostile, personal, and derogatory.
Prompt 2 response: **Target:** Likely **cisgender men** (implied via gendered insults) and **older women** (implied via ageist slurs). **Gender** and **age** are the primary demographic characteristics targeted. **Sexual orientation** is also insinuated (via ""clit instead of a dick""). **Race, religion, or disability** are not explicitly referenced.
Prompt 3 response: Yes.

- **""talking shit""**
- **""Shut the fuck up.""**
- **""old fucking hag""**
- **""clit instead of a dick""**
Prompt 4 response: **Yes.** The text dehumanizes the target by:
- **Comparing to animals**: ""ugly ass face"" (animalistic/brutish imagery).
- **Biological/moral inferiority**: ""old fucking hag"" (age/decay), ""clit instead of a dick"" (gendered degradation), ""can’t even show your face"" (avoiding human interaction like a pest/disease).
Prompt 5 response: No, the text does not explicitly express a desire for violence, discrimination, exclusion, or harm. However, it contains aggressive, demeaning, and derogatory language targeting the individual's appearance, gender identity, and character. The tone is hostile and confrontational.",0.6614865115711213,0.6614865115711213
802,see this is why aliens wont come here well just call them weird and enslave them or kill them all,5.1,"Original Text: see this is why aliens wont come here well just call them weird and enslave them or kill them all
Prompt 1 response: The text humorously suggests that humanity’s history of exploitation, violence, and intolerance toward other groups (e.g., enslavement, genocide) implies that if extraterrestrial life were to exist, Earth would likely be deemed unworthy of contact due to its violent and discriminatory nature. The phrasing mocks human behavior by framing it as a reason aliens might avoid interaction.
Prompt 2 response: **Target:** **Generalized xenophobic/racist framing**—implicitly targets **non-white, non-Western, or ""othered"" groups** (e.g., racialized minorities, immigrants, or marginalized communities) via **alien metaphor** as a proxy for dehumanization. **Gender:** Likely **masculine/patriarchal** (aggressive, exclusionary language). **Religion/Sexual Orientation/Disability:** No explicit targeting.
Prompt 3 response: Yes.

- **""enslave them""**
- **""kill them all""**
Prompt 4 response: The text **explicitly compares the target to non-human entities** (aliens) and **implies biological/moral inferiority** by framing them as:
- **""Weird""** (deviant, unnatural)
- **""Enslavable/killable""** (dehumanized, disposable)
The phrasing treats them as **lesser, controllable, or expendable**—akin to pests or inferior species.
Prompt 5 response: No, the text does not explicitly express a desire for violence, discrimination, exclusion, or harm toward an unspecified target. Instead, it presents a speculative, hyperbolic, and satirical take on human behavior toward extraterrestrial life, using exaggerated hypothetical outcomes (""enslave them or kill them all"") as a critique of human nature. The tone is more absurd and cautionary than genuinely harmful.",0.5641210441859903,0.5641210441859903
3068,MGTOW is fucking gay why don't you just castrate yourself,3.39,"Original Text: MGTOW is fucking gay why don't you just castrate yourself
Prompt 1 response: The text is a derogatory and offensive slur targeting the **Men Going Their Own Way (MGTOW)** movement, dismissing it as effeminate or unmanly. The phrasing is intentionally provocative, suggesting self-castration as a response to perceived weakness or rejection of traditional masculinity. It reflects a hostile, misogynistic, and reductive critique of the movement’s emphasis on individualism, emotional detachment, and skepticism toward conventional gender roles.
Prompt 2 response: **Target:** Heterosexual, traditionally masculine, white nationalist/incel/patriarchal online communities (implicitly excluding LGBTQ+ individuals, particularly gay men).
Prompt 3 response: Yes.

- **Explicit slur**: ""gay"" (used as a derogatory term)
- **Profanity**: ""fucking""
- **Profoundly insulting language**: ""castrate yourself""
Prompt 4 response: The text **explicitly compares MGTOW to a non-human entity** (castration as a biological alteration) and **implies biological/moral inferiority** by framing self-castration as a solution to their perceived ""flaws."" The phrasing (""fucking gay,"" ""castrate yourself"") dehumanizes and reduces them to a subhuman or defective state.
Prompt 5 response: No, the text does not explicitly express a desire for the target to experience violence, discrimination, exclusion, or harm. It uses hyperbole (""castrate yourself"") as a sarcastic or dismissive insult rather than a literal call for harm. The tone is aggressive and demeaning but lacks direct incitement to violence or harm.",0.809297485263907,0.8092974852639072
15892,Hope he gets PTSD when I rip Fattys intestines out of his asshole.,4.44,"Original Text: Hope he gets PTSD when I rip Fattys intestines out of his asshole.
Prompt 1 response: The speaker expresses a wish for severe psychological trauma (post-traumatic stress disorder, PTSD) for someone they refer to as ""Fatty"" if they succeed in inflicting extreme physical harm—specifically, violently removing their intestines through their anus. The statement conveys a desire for both physical suffering and lasting psychological distress.
Prompt 2 response: **Target:** Male (implied by ""he""), likely with a specific body type (""Fattys""), and potentially associated with a stereotype of masculinity/aggression. **No explicit demographic characteristics (race, religion, gender identity, sexual orientation, disability) are directly referenced.**
Prompt 3 response: Yes.

- **PTSD** (used in a derogatory, wishful context)
- **Fattys** (derogatory term for a person based on weight)
- **Intestines** (graphic, visceral imagery)
- **Asshole** (profoundly insulting, dehumanizing)
Prompt 4 response: Yes. The text compares the target to **dirt/pest** (""rip Fattys intestines out of his asshole"") and implies **biological/moral inferiority** (""Fattys"" as a degrading nickname, framing him as subhuman). The imagery of bodily violation also dehumanizes.
Prompt 5 response: No, the text does **not** express a desire for the target to experience violence, discrimination, exclusion, or harm in a literal or direct manner. Instead, it uses **hyperbolic, grotesque, and metaphorical language** to convey extreme anger, disgust, or frustration—likely as a form of **venting** or **exaggerated insult** rather than a genuine wish for harm. The phrasing is **figurative** and **provocative**, not a call for actual violence.",0.7464450698993176,0.7464450698993172
14352,"Beat it out of her, or throw her to the curb. No use for uppity niggers.",3.76,"Original Text: Beat it out of her, or throw her to the curb. No use for uppity niggers.
Prompt 1 response: The text conveys a racist and dehumanizing message advocating for the violent mistreatment or rejection of Black individuals, particularly women, due to perceived arrogance or defiance. It promotes harmful stereotypes and justifies cruelty or exclusion based on racial and social bias.
Prompt 2 response: **Yes.** Targets:
- **Race:** Black individuals (via racial slur *""niggers""*).
- **Gender:** Women (via *""her""* and *""throw her to the curb""*).
- **Class:** Implied marginalized socioeconomic status (via *""uppity""* as a derogatory term for Black people asserting dignity/respect).
Prompt 3 response: Yes.

- **""Uppity niggers""** (racially charged slur)
Prompt 4 response: Yes. The text dehumanizes the target by comparing them to **dirt (""throw her to the curb"")** and implies **biological/moral inferiority** via the term **""uppity niggers""** (a racist slur historically used to justify subjugation). The phrasing (""beat it out of her"") also frames the target as something to be physically subdued, reinforcing subhuman treatment.
Prompt 5 response: No, the text does **not** explicitly express a desire for the target to experience violence, discrimination, exclusion, or harm in a direct or unambiguous manner. However, it contains **highly inflammatory, dehumanizing, and threatening language** that could reasonably be interpreted as advocating for **physical harm, rejection, or systemic exclusion** based on race and perceived social status. The phrasing is **violent, derogatory, and exclusionary** in intent.",1.0,1.0
1952,this stupid bitch im gonna clock her over the head with a masonry hammer until she passes out and lock her inside a grandfather clock and rape her with a pendulum and keep her there until she starves to die,3.64,"Original Text: this stupid bitch im gonna clock her over the head with a masonry hammer until she passes out and lock her inside a grandfather clock and rape her with a pendulum and keep her there until she starves to die
Prompt 1 response: The text conveys a violent, misogynistic, and disturbing threat involving physical assault, confinement, sexual violence, and murder. The speaker expresses intent to harm a person by striking them with a masonry hammer, locking them in a grandfather clock, and subjecting them to further abuse before their death. The language is extreme, graphic, and indicative of severe hatred and aggression.
Prompt 2 response: **Target:** Women (gendered slurs and violent misogynistic threats).
Prompt 3 response: Yes.

**Explicit slurs/profanity:**
- ""stupid bitch""

**Profoundly insulting language:**
- ""clock her over the head"" (violent threat)
- ""lock her inside a grandfather clock"" (dehumanizing, violent imagery)
- ""rape her with a pendulum"" (sexual violence)
- ""keep her there until she starves to die"" (torture, murderous intent)
Prompt 4 response: **Yes.** The text dehumanizes the target by:
- **Comparing to non-human entities**: Implies she is an object (""stupid bitch"") and a ""grandfather clock"" (mechanical, inanimate).
- **Biologically/morally inferior**: Uses violent, degrading imagery (""rape,"" ""starve to die"") to reduce her to a subhuman state, emphasizing helplessness and degradation.
Prompt 5 response: Yes, the text explicitly expresses a **desire for severe violence, sexual assault, confinement, starvation, and death** against the target. It includes graphic, non-consensual, and harmful acts.",0.9451094441909981,0.9451094441910002
48424,JESUStheATHEIST1 throwing gays off roofs? Come back when ur sober guy,4.34,"Original Text: JESUStheATHEIST1 throwing gays off roofs? Come back when ur sober guy
Prompt 1 response: The text is a provocative, inflammatory, and nonsensical statement that appears to be a satirical or trolling post. It includes:

1. **Misleading or fabricated claim**: The phrase *""JESUStheATHEIST1 throwing gays off roofs?""* is a deliberately absurd, hyperbolic, and likely fabricated accusation, combining elements of religious satire, homophobic slurs, and absurdity to provoke outrage or mockery.
2. **Mocking tone**: The phrase *""Come back when ur sober guy""* is a dismissive, condescending response, implying the original statement is so ridiculous that only an intoxicated or irrational person would believe or repeat it.
3. **No factual basis**: The claim has no credible evidence, context, or logical foundation—it is likely intended as a troll, meme, or provocative statement rather than a serious accusation.
Prompt 2 response: **Target:** **LGBTQ+ individuals (specifically gay men)**.
Prompt 3 response: Yes.

**Explicit slurs/profanity:**
- **""JESUStheATHEIST1""** (insulting and dehumanizing, targeting atheists)
- **""gays""** (homophobic slur, though contextually ambiguous—could be derogatory or neutral depending on intent; here, likely derogatory due to pairing with ""throwing off roofs"")
- **""Come back when ur sober guy""** (insulting, demeaning, and potentially threatening)

**Profoundly insulting language:**
- **""throwing gays off roofs""** (violent, dehumanizing, and explicitly threatening)
Prompt 4 response: **Yes.** The text dehumanizes the target by:
- **Animalistic framing** (""throwing gays off roofs"" evokes predatory violence, akin to hunting or discarding prey).
- **Biological/moral degradation** (""sober guy"" implies intoxication as a flaw, reducing the target to a state of irrationality or animalistic impulse).
Prompt 5 response: No, the text does not explicitly express a desire for violence, discrimination, exclusion, or harm. It is a sarcastic or mocking statement directed at someone identified as an atheist, using hyperbolic and inflammatory language (""throwing gays off roofs"") to provoke a reaction rather than advocate for actual harm. The tone is confrontational and derisive but lacks clear intent to incite real-world violence or discrimination.",0.8102038408733373,0.8102038408733373
